geo_id,geography,date_start,date_end,platform_and_product,facet,level,variable,cluster_name,value
GLOBAL,global,2025-08-04,2025-08-11,1P API,collaboration,0,collaboration_count,directive,626255.0
GLOBAL,global,2025-08-04,2025-08-11,1P API,collaboration,0,collaboration_pct,directive,66.29576620885462
GLOBAL,global,2025-08-04,2025-08-11,1P API,collaboration,0,collaboration_count,feedback loop,104633.0
GLOBAL,global,2025-08-04,2025-08-11,1P API,collaboration,0,collaboration_pct,feedback loop,11.076518200622884
GLOBAL,global,2025-08-04,2025-08-11,1P API,collaboration,0,collaboration_count,learning,35696.0
GLOBAL,global,2025-08-04,2025-08-11,1P API,collaboration,0,collaboration_pct,learning,3.7788020384528256
GLOBAL,global,2025-08-04,2025-08-11,1P API,collaboration,0,collaboration_count,none,96463.0
GLOBAL,global,2025-08-04,2025-08-11,1P API,collaboration,0,collaboration_pct,none,10.21163662694069
GLOBAL,global,2025-08-04,2025-08-11,1P API,collaboration,0,collaboration_count,not_classified,14.0
GLOBAL,global,2025-08-04,2025-08-11,1P API,collaboration,0,collaboration_pct,not_classified,0.0014820492082681408
GLOBAL,global,2025-08-04,2025-08-11,1P API,collaboration,0,collaboration_count,task iteration,51941.0
GLOBAL,global,2025-08-04,2025-08-11,1P API,collaboration,0,collaboration_pct,task iteration,5.498508423332535
GLOBAL,global,2025-08-04,2025-08-11,1P API,collaboration,0,collaboration_count,validation,29636.0
GLOBAL,global,2025-08-04,2025-08-11,1P API,collaboration,0,collaboration_pct,validation,3.1372864525881874
GLOBAL,global,2025-08-04,2025-08-11,1P API,onet_task,0,onet_task_count,access computerized financial information to answer general questions as well as those related to specific accounts.,29.0
GLOBAL,global,2025-08-04,2025-08-11,1P API,onet_task,0,onet_task_pct,access computerized financial information to answer general questions as well as those related to specific accounts.,0.0030699590742697203
GLOBAL,global,2025-08-04,2025-08-11,1P API,onet_task,0,onet_task_count,act as an intermediary in negotiations between buyers and sellers over property prices and settlement details and during the closing of sales.,65.0
GLOBAL,global,2025-08-04,2025-08-11,1P API,onet_task,0,onet_task_pct,act as an intermediary in negotiations between buyers and sellers over property prices and settlement details and during the closing of sales.,0.0068809427526735105
GLOBAL,global,2025-08-04,2025-08-11,1P API,onet_task,0,onet_task_count,"act as an intermediary in negotiations between buyers and sellers, generally representing one or the other.",100.0
GLOBAL,global,2025-08-04,2025-08-11,1P API,onet_task,0,onet_task_pct,"act as an intermediary in negotiations between buyers and sellers, generally representing one or the other.",0.010586065773343863
GLOBAL,global,2025-08-04,2025-08-11,1P API,onet_task,0,onet_task_count,adapt instructional content or delivery methods for different levels or types of learners.,167.0
GLOBAL,global,2025-08-04,2025-08-11,1P API,onet_task,0,onet_task_pct,adapt instructional content or delivery methods for different levels or types of learners.,0.01767872984148425
GLOBAL,global,2025-08-04,2025-08-11,1P API,onet_task,0,onet_task_count,adapt teaching methods and instructional materials to meet students' varying needs and interests.,39.0
GLOBAL,global,2025-08-04,2025-08-11,1P API,onet_task,0,onet_task_pct,adapt teaching methods and instructional materials to meet students' varying needs and interests.,0.0041285656516041064
GLOBAL,global,2025-08-04,2025-08-11,1P API,onet_task,0,onet_task_count,adapt text to accommodate musical requirements of composers and singers.,36.0
GLOBAL,global,2025-08-04,2025-08-11,1P API,onet_task,0,onet_task_pct,adapt text to accommodate musical requirements of composers and singers.,0.0038109836784037906
GLOBAL,global,2025-08-04,2025-08-11,1P API,onet_task,0,onet_task_count,"adapt translations to students' cognitive and grade levels, collaborating with educational team members as necessary.",44.0
GLOBAL,global,2025-08-04,2025-08-11,1P API,onet_task,0,onet_task_pct,"adapt translations to students' cognitive and grade levels, collaborating with educational team members as necessary.",0.0046578689402713
GLOBAL,global,2025-08-04,2025-08-11,1P API,onet_task,0,onet_task_count,"address the relationships of quantities, magnitudes, and forms through the use of numbers and symbols.",477.0
GLOBAL,global,2025-08-04,2025-08-11,1P API,onet_task,0,onet_task_pct,"address the relationships of quantities, magnitudes, and forms through the use of numbers and symbols.",0.05049553373885023
GLOBAL,global,2025-08-04,2025-08-11,1P API,onet_task,0,onet_task_count,"administer and score applicant and employee aptitude, personality, and interest assessment instruments.",17.0
GLOBAL,global,2025-08-04,2025-08-11,1P API,onet_task,0,onet_task_pct,"administer and score applicant and employee aptitude, personality, and interest assessment instruments.",0.001799631181468457
GLOBAL,global,2025-08-04,2025-08-11,1P API,onet_task,0,onet_task_count,administer document and system access rights and revision control to ensure security of system and integrity of master documents.,65.0
GLOBAL,global,2025-08-04,2025-08-11,1P API,onet_task,0,onet_task_pct,administer document and system access rights and revision control to ensure security of system and integrity of master documents.,0.0068809427526735105
GLOBAL,global,2025-08-04,2025-08-11,1P API,onet_task,0,onet_task_count,"administer highway planning, construction, or maintenance.",36.0
GLOBAL,global,2025-08-04,2025-08-11,1P API,onet_task,0,onet_task_pct,"administer highway planning, construction, or maintenance.",0.0038109836784037906
GLOBAL,global,2025-08-04,2025-08-11,1P API,onet_task,0,onet_task_count,administer online purchasing systems.,237.0
GLOBAL,global,2025-08-04,2025-08-11,1P API,onet_task,0,onet_task_pct,administer online purchasing systems.,0.025088975882824955
GLOBAL,global,2025-08-04,2025-08-11,1P API,onet_task,0,onet_task_count,administer standardized ability and achievement tests and interpret results to determine students' strengths and areas of need.,96.0
GLOBAL,global,2025-08-04,2025-08-11,1P API,onet_task,0,onet_task_pct,administer standardized ability and achievement tests and interpret results to determine students' strengths and areas of need.,0.010162623142410107
GLOBAL,global,2025-08-04,2025-08-11,1P API,onet_task,0,onet_task_count,"administer, dispense, or prescribe natural medicines such as food or botanical extracts, herbs, dietary supplements, vitamins, nutraceuticals, and amino acids.",17.0
GLOBAL,global,2025-08-04,2025-08-11,1P API,onet_task,0,onet_task_pct,"administer, dispense, or prescribe natural medicines such as food or botanical extracts, herbs, dietary supplements, vitamins, nutraceuticals, and amino acids.",0.001799631181468457
GLOBAL,global,2025-08-04,2025-08-11,1P API,onet_task,0,onet_task_count,"administer, proctor, or score academic or diagnostic assessments.",425.0
GLOBAL,global,2025-08-04,2025-08-11,1P API,onet_task,0,onet_task_pct,"administer, proctor, or score academic or diagnostic assessments.",0.04499077953671142
GLOBAL,global,2025-08-04,2025-08-11,1P API,onet_task,0,onet_task_count,advise and teach students.,16.0
GLOBAL,global,2025-08-04,2025-08-11,1P API,onet_task,0,onet_task_pct,advise and teach students.,0.001693770523735018
GLOBAL,global,2025-08-04,2025-08-11,1P API,onet_task,0,onet_task_count,"advise business or other groups on local, national, or international factors affecting the buying or selling of products or services.",39.0
GLOBAL,global,2025-08-04,2025-08-11,1P API,onet_task,0,onet_task_pct,"advise business or other groups on local, national, or international factors affecting the buying or selling of products or services.",0.0041285656516041064
GLOBAL,global,2025-08-04,2025-08-11,1P API,onet_task,0,onet_task_count,"advise clients concerning business transactions, claim liability, advisability of prosecuting or defending lawsuits, or legal rights and obligations.",40.0
GLOBAL,global,2025-08-04,2025-08-11,1P API,onet_task,0,onet_task_pct,"advise clients concerning business transactions, claim liability, advisability of prosecuting or defending lawsuits, or legal rights and obligations.",0.0042344263093375455
GLOBAL,global,2025-08-04,2025-08-11,1P API,onet_task,0,onet_task_count,advise clients on how they could be helped by counseling.,184.0
GLOBAL,global,2025-08-04,2025-08-11,1P API,onet_task,0,onet_task_pct,advise clients on how they could be helped by counseling.,0.01947836102295271
GLOBAL,global,2025-08-04,2025-08-11,1P API,onet_task,0,onet_task_count,"advise clients on market conditions, prices, mortgages, legal requirements and related matters.",232.0
GLOBAL,global,2025-08-04,2025-08-11,1P API,onet_task,0,onet_task_pct,"advise clients on market conditions, prices, mortgages, legal requirements and related matters.",0.024559672594157762
GLOBAL,global,2025-08-04,2025-08-11,1P API,onet_task,0,onet_task_count,advise corporations on issues involving corporate image projects or problems.,804.0
GLOBAL,global,2025-08-04,2025-08-11,1P API,onet_task,0,onet_task_pct,advise corporations on issues involving corporate image projects or problems.,0.08511196881768465
GLOBAL,global,2025-08-04,2025-08-11,1P API,onet_task,0,onet_task_count,advise customer about or perform maintenance of software system.,20.0
GLOBAL,global,2025-08-04,2025-08-11,1P API,onet_task,0,onet_task_pct,advise customer about or perform maintenance of software system.,0.0021172131546687727
GLOBAL,global,2025-08-04,2025-08-11,1P API,onet_task,0,onet_task_count,"advise customers concerning equipment operation, maintenance, or programming.",20.0
GLOBAL,global,2025-08-04,2025-08-11,1P API,onet_task,0,onet_task_pct,"advise customers concerning equipment operation, maintenance, or programming.",0.0021172131546687727
GLOBAL,global,2025-08-04,2025-08-11,1P API,onet_task,0,onet_task_count,advise customers of necessary actions and strategies for debt repayment.,33.0
GLOBAL,global,2025-08-04,2025-08-11,1P API,onet_task,0,onet_task_pct,advise customers of necessary actions and strategies for debt repayment.,0.0034934017052034748
GLOBAL,global,2025-08-04,2025-08-11,1P API,onet_task,0,onet_task_count,"advise food service managers and organizations on sanitation, safety procedures, menu development, budgeting, and planning to assist with the establishment, operation, and evaluation of food service facilities and nutrition programs.",18.0
GLOBAL,global,2025-08-04,2025-08-11,1P API,onet_task,0,onet_task_pct,"advise food service managers and organizations on sanitation, safety procedures, menu development, budgeting, and planning to assist with the establishment, operation, and evaluation of food service facilities and nutrition programs.",0.0019054918392018953
GLOBAL,global,2025-08-04,2025-08-11,1P API,onet_task,0,onet_task_count,"advise management concerning personnel, managerial, and marketing policies and practices and their potential effects on organizational effectiveness and efficiency.",60.0
GLOBAL,global,2025-08-04,2025-08-11,1P API,onet_task,0,onet_task_pct,"advise management concerning personnel, managerial, and marketing policies and practices and their potential effects on organizational effectiveness and efficiency.",0.006351639464006318
GLOBAL,global,2025-08-04,2025-08-11,1P API,onet_task,0,onet_task_count,"advise management regarding customer satisfaction, product performance, or suggestions for product improvements.",53.0
GLOBAL,global,2025-08-04,2025-08-11,1P API,onet_task,0,onet_task_pct,"advise management regarding customer satisfaction, product performance, or suggestions for product improvements.",0.005610614859872247
GLOBAL,global,2025-08-04,2025-08-11,1P API,onet_task,0,onet_task_count,advise or assist in obtaining patents or meeting other legal requirements.,27.0
GLOBAL,global,2025-08-04,2025-08-11,1P API,onet_task,0,onet_task_pct,advise or assist in obtaining patents or meeting other legal requirements.,0.002858237758802843
GLOBAL,global,2025-08-04,2025-08-11,1P API,onet_task,0,onet_task_count,"advise or instruct patients regarding preventive dental care, the causes and treatment of dental problems, or oral health care services.",88.0
GLOBAL,global,2025-08-04,2025-08-11,1P API,onet_task,0,onet_task_pct,"advise or instruct patients regarding preventive dental care, the causes and treatment of dental problems, or oral health care services.",0.0093157378805426
GLOBAL,global,2025-08-04,2025-08-11,1P API,onet_task,0,onet_task_count,"advise patients and their families on nutritional principles, dietary plans and diet modifications, and food selection and preparation.",22.0
GLOBAL,global,2025-08-04,2025-08-11,1P API,onet_task,0,onet_task_pct,"advise patients and their families on nutritional principles, dietary plans and diet modifications, and food selection and preparation.",0.00232893447013565
GLOBAL,global,2025-08-04,2025-08-11,1P API,onet_task,0,onet_task_count,advise students on academic and vocational curricula and career issues.,22.0
GLOBAL,global,2025-08-04,2025-08-11,1P API,onet_task,0,onet_task_pct,advise students on academic and vocational curricula and career issues.,0.00232893447013565
GLOBAL,global,2025-08-04,2025-08-11,1P API,onet_task,0,onet_task_count,advise students on academic and vocational curricula and on career issues.,84.0
GLOBAL,global,2025-08-04,2025-08-11,1P API,onet_task,0,onet_task_pct,advise students on academic and vocational curricula and on career issues.,0.008892295249608844
GLOBAL,global,2025-08-04,2025-08-11,1P API,onet_task,0,onet_task_count,"advise students on academic and vocational curricula, and on career issues.",25.0
GLOBAL,global,2025-08-04,2025-08-11,1P API,onet_task,0,onet_task_pct,"advise students on academic and vocational curricula, and on career issues.",0.002646516443335966
GLOBAL,global,2025-08-04,2025-08-11,1P API,onet_task,0,onet_task_count,"advise students on academic and vocational curricula, career issues, and laboratory and field research.",16.0
GLOBAL,global,2025-08-04,2025-08-11,1P API,onet_task,0,onet_task_pct,"advise students on academic and vocational curricula, career issues, and laboratory and field research.",0.001693770523735018
GLOBAL,global,2025-08-04,2025-08-11,1P API,onet_task,0,onet_task_count,"align, adjust, or calibrate equipment according to specifications.",19.0
GLOBAL,global,2025-08-04,2025-08-11,1P API,onet_task,0,onet_task_pct,"align, adjust, or calibrate equipment according to specifications.",0.002011352496935334
GLOBAL,global,2025-08-04,2025-08-11,1P API,onet_task,0,onet_task_count,analyze all aspects of corporate logistics to determine the most cost-effective or efficient means of transporting products or supplies.,124.0
GLOBAL,global,2025-08-04,2025-08-11,1P API,onet_task,0,onet_task_pct,analyze all aspects of corporate logistics to determine the most cost-effective or efficient means of transporting products or supplies.,0.013126721558946392
GLOBAL,global,2025-08-04,2025-08-11,1P API,onet_task,0,onet_task_count,"analyze and characterize user experiences and institutional settings to assist consumer product developers, technology developers, and software engineers with the design of innovative products and services.",20.0
GLOBAL,global,2025-08-04,2025-08-11,1P API,onet_task,0,onet_task_pct,"analyze and characterize user experiences and institutional settings to assist consumer product developers, technology developers, and software engineers with the design of innovative products and services.",0.0021172131546687727
GLOBAL,global,2025-08-04,2025-08-11,1P API,onet_task,0,onet_task_count,analyze and classify risks and investments to determine their potential impacts on companies.,326.0
GLOBAL,global,2025-08-04,2025-08-11,1P API,onet_task,0,onet_task_pct,analyze and classify risks and investments to determine their potential impacts on companies.,0.034510574421101
GLOBAL,global,2025-08-04,2025-08-11,1P API,onet_task,0,onet_task_count,analyze and evaluate patient data or test findings to diagnose nature or extent of mental disorder.,17.0
GLOBAL,global,2025-08-04,2025-08-11,1P API,onet_task,0,onet_task_pct,analyze and evaluate patient data or test findings to diagnose nature or extent of mental disorder.,0.001799631181468457
GLOBAL,global,2025-08-04,2025-08-11,1P API,onet_task,0,onet_task_count,analyze and evaluate robotic systems or prototypes.,31.0
GLOBAL,global,2025-08-04,2025-08-11,1P API,onet_task,0,onet_task_pct,analyze and evaluate robotic systems or prototypes.,0.003281680389736598
GLOBAL,global,2025-08-04,2025-08-11,1P API,onet_task,0,onet_task_count,"analyze and evaluate security operations to identify risks or opportunities for improvement through auditing, review, or assessment.",1881.0
GLOBAL,global,2025-08-04,2025-08-11,1P API,onet_task,0,onet_task_pct,"analyze and evaluate security operations to identify risks or opportunities for improvement through auditing, review, or assessment.",0.19912389719659807
GLOBAL,global,2025-08-04,2025-08-11,1P API,onet_task,0,onet_task_count,"analyze and interpret patient, nursing, or information systems data to improve nursing services.",37.0
GLOBAL,global,2025-08-04,2025-08-11,1P API,onet_task,0,onet_task_pct,"analyze and interpret patient, nursing, or information systems data to improve nursing services.",0.003916844336137229
GLOBAL,global,2025-08-04,2025-08-11,1P API,onet_task,0,onet_task_count,"analyze and interpret patients' histories, symptoms, physical findings, or diagnostic information to develop appropriate diagnoses.",466.0
GLOBAL,global,2025-08-04,2025-08-11,1P API,onet_task,0,onet_task_pct,"analyze and interpret patients' histories, symptoms, physical findings, or diagnostic information to develop appropriate diagnoses.",0.049331066503782404
GLOBAL,global,2025-08-04,2025-08-11,1P API,onet_task,0,onet_task_count,"analyze and interpret results from tests such as microbial or parasite tests, urine analyses, hormonal assays, fine needle aspirations (fnas), and polymerase chain reactions (pcrs).",1045.0
GLOBAL,global,2025-08-04,2025-08-11,1P API,onet_task,0,onet_task_pct,"analyze and interpret results from tests such as microbial or parasite tests, urine analyses, hormonal assays, fine needle aspirations (fnas), and polymerase chain reactions (pcrs).",0.11062438733144336
GLOBAL,global,2025-08-04,2025-08-11,1P API,onet_task,0,onet_task_count,analyze and record personnel or operational data and write related activity reports.,15.0
GLOBAL,global,2025-08-04,2025-08-11,1P API,onet_task,0,onet_task_pct,analyze and record personnel or operational data and write related activity reports.,0.0015879098660015795
GLOBAL,global,2025-08-04,2025-08-11,1P API,onet_task,0,onet_task_count,"analyze and record test data to issue reports that use charts, graphs, or narratives.",2494.0
GLOBAL,global,2025-08-04,2025-08-11,1P API,onet_task,0,onet_task_pct,"analyze and record test data to issue reports that use charts, graphs, or narratives.",0.26401648038719594
GLOBAL,global,2025-08-04,2025-08-11,1P API,onet_task,0,onet_task_count,analyze and report computer network security breaches or attempted breaches.,679.0
GLOBAL,global,2025-08-04,2025-08-11,1P API,onet_task,0,onet_task_pct,analyze and report computer network security breaches or attempted breaches.,0.07187938660100483
GLOBAL,global,2025-08-04,2025-08-11,1P API,onet_task,0,onet_task_count,"analyze applicants' financial status, credit, and property evaluations to determine feasibility of granting loans.",19.0
GLOBAL,global,2025-08-04,2025-08-11,1P API,onet_task,0,onet_task_pct,"analyze applicants' financial status, credit, and property evaluations to determine feasibility of granting loans.",0.002011352496935334
GLOBAL,global,2025-08-04,2025-08-11,1P API,onet_task,0,onet_task_count,"analyze archival data such as birth, death, and disease records.",16.0
GLOBAL,global,2025-08-04,2025-08-11,1P API,onet_task,0,onet_task_pct,"analyze archival data such as birth, death, and disease records.",0.001693770523735018
GLOBAL,global,2025-08-04,2025-08-11,1P API,onet_task,0,onet_task_count,analyze available data and consult with other scientists to determine parameters of experimentation and suitability of analytical models.,136.0
GLOBAL,global,2025-08-04,2025-08-11,1P API,onet_task,0,onet_task_pct,analyze available data and consult with other scientists to determine parameters of experimentation and suitability of analytical models.,0.014397049451747655
GLOBAL,global,2025-08-04,2025-08-11,1P API,onet_task,0,onet_task_count,"analyze business operations, trends, costs, revenues, financial commitments, and obligations to project future revenues and expenses or to provide advice.",147.0
GLOBAL,global,2025-08-04,2025-08-11,1P API,onet_task,0,onet_task_pct,"analyze business operations, trends, costs, revenues, financial commitments, and obligations to project future revenues and expenses or to provide advice.",0.015561516686815477
GLOBAL,global,2025-08-04,2025-08-11,1P API,onet_task,0,onet_task_count,analyze characteristics of animals to identify and classify them.,1735.0
GLOBAL,global,2025-08-04,2025-08-11,1P API,onet_task,0,onet_task_pct,analyze characteristics of animals to identify and classify them.,0.183668241167516
GLOBAL,global,2025-08-04,2025-08-11,1P API,onet_task,0,onet_task_count,analyze clinical data using appropriate statistical tools.,15.0
GLOBAL,global,2025-08-04,2025-08-11,1P API,onet_task,0,onet_task_pct,analyze clinical data using appropriate statistical tools.,0.0015879098660015795
GLOBAL,global,2025-08-04,2025-08-11,1P API,onet_task,0,onet_task_count,"analyze clinical or survey data using statistical approaches such as longitudinal analysis, mixed effect modeling, logistic regression analyses, and model building techniques.",15.0
GLOBAL,global,2025-08-04,2025-08-11,1P API,onet_task,0,onet_task_pct,"analyze clinical or survey data using statistical approaches such as longitudinal analysis, mixed effect modeling, logistic regression analyses, and model building techniques.",0.0015879098660015795
GLOBAL,global,2025-08-04,2025-08-11,1P API,onet_task,0,onet_task_count,"analyze competitive market strategies through analysis of related product, market, or share trends.",96.0
GLOBAL,global,2025-08-04,2025-08-11,1P API,onet_task,0,onet_task_pct,"analyze competitive market strategies through analysis of related product, market, or share trends.",0.010162623142410107
GLOBAL,global,2025-08-04,2025-08-11,1P API,onet_task,0,onet_task_count,"analyze complex systems to determine potential for further development, production, interoperability, compatibility, or usefulness in a particular area, such as aviation.",112.0
GLOBAL,global,2025-08-04,2025-08-11,1P API,onet_task,0,onet_task_pct,"analyze complex systems to determine potential for further development, production, interoperability, compatibility, or usefulness in a particular area, such as aviation.",0.011856393666145127
GLOBAL,global,2025-08-04,2025-08-11,1P API,onet_task,0,onet_task_count,"analyze computer and information technologies to determine applicability to nursing practice, education, administration and research.",23.0
GLOBAL,global,2025-08-04,2025-08-11,1P API,onet_task,0,onet_task_pct,"analyze computer and information technologies to determine applicability to nursing practice, education, administration and research.",0.0024347951278690886
GLOBAL,global,2025-08-04,2025-08-11,1P API,onet_task,0,onet_task_count,"analyze corporate intelligence data to identify trends, patterns, or warnings indicating threats to security of people, assets, information, or infrastructure.",517.0
GLOBAL,global,2025-08-04,2025-08-11,1P API,onet_task,0,onet_task_pct,"analyze corporate intelligence data to identify trends, patterns, or warnings indicating threats to security of people, assets, information, or infrastructure.",0.05472996004818777
GLOBAL,global,2025-08-04,2025-08-11,1P API,onet_task,0,onet_task_count,analyze credit data and financial statements to determine the degree of risk involved in extending credit or lending money.,64.0
GLOBAL,global,2025-08-04,2025-08-11,1P API,onet_task,0,onet_task_pct,analyze credit data and financial statements to determine the degree of risk involved in extending credit or lending money.,0.006775082094940072
GLOBAL,global,2025-08-04,2025-08-11,1P API,onet_task,0,onet_task_count,"analyze data from surveys, old records, or case studies, using statistical software.",473.0
GLOBAL,global,2025-08-04,2025-08-11,1P API,onet_task,0,onet_task_pct,"analyze data from surveys, old records, or case studies, using statistical software.",0.050072091107916473
GLOBAL,global,2025-08-04,2025-08-11,1P API,onet_task,0,onet_task_count,"analyze data such as interview notes, test results, and reference manuals to identify symptoms and to diagnose the nature of clients' problems.",79.0
GLOBAL,global,2025-08-04,2025-08-11,1P API,onet_task,0,onet_task_pct,"analyze data such as interview notes, test results, and reference manuals to identify symptoms and to diagnose the nature of clients' problems.",0.008362991960941651
GLOBAL,global,2025-08-04,2025-08-11,1P API,onet_task,0,onet_task_count,analyze data to assess distance learning program status or to inform decisions for distance learning programs.,24.0
GLOBAL,global,2025-08-04,2025-08-11,1P API,onet_task,0,onet_task_pct,analyze data to assess distance learning program status or to inform decisions for distance learning programs.,0.0025406557856025268
GLOBAL,global,2025-08-04,2025-08-11,1P API,onet_task,0,onet_task_count,analyze data to determine answers to questions from customers or members of the public.,908.0
GLOBAL,global,2025-08-04,2025-08-11,1P API,onet_task,0,onet_task_pct,analyze data to determine answers to questions from customers or members of the public.,0.09612147722196228
GLOBAL,global,2025-08-04,2025-08-11,1P API,onet_task,0,onet_task_count,analyze data to determine feasibility of product proposals.,160.0
GLOBAL,global,2025-08-04,2025-08-11,1P API,onet_task,0,onet_task_pct,analyze data to determine feasibility of product proposals.,0.016937705237350182
GLOBAL,global,2025-08-04,2025-08-11,1P API,onet_task,0,onet_task_count,analyze data to determine the effectiveness of treatments or therapy approaches.,34.0
GLOBAL,global,2025-08-04,2025-08-11,1P API,onet_task,0,onet_task_pct,analyze data to determine the effectiveness of treatments or therapy approaches.,0.003599262362936914
GLOBAL,global,2025-08-04,2025-08-11,1P API,onet_task,0,onet_task_count,"analyze data to determine validity, quality, and scientific significance and to interpret correlations between human activities and environmental effects.",28.0
GLOBAL,global,2025-08-04,2025-08-11,1P API,onet_task,0,onet_task_pct,"analyze data to determine validity, quality, and scientific significance and to interpret correlations between human activities and environmental effects.",0.0029640984165362817
GLOBAL,global,2025-08-04,2025-08-11,1P API,onet_task,0,onet_task_count,"analyze determinants responsible for specific inherited traits, and devise methods for altering traits or producing new traits.",26.0
GLOBAL,global,2025-08-04,2025-08-11,1P API,onet_task,0,onet_task_pct,"analyze determinants responsible for specific inherited traits, and devise methods for altering traits or producing new traits.",0.0027523771010694044
GLOBAL,global,2025-08-04,2025-08-11,1P API,onet_task,0,onet_task_count,analyze developments in specific field to determine need for revisions in previously published materials and development of new material.,299.0
GLOBAL,global,2025-08-04,2025-08-11,1P API,onet_task,0,onet_task_pct,analyze developments in specific field to determine need for revisions in previously published materials and development of new material.,0.03165233666229815
GLOBAL,global,2025-08-04,2025-08-11,1P API,onet_task,0,onet_task_count,"analyze electronics system requirements, capacity, cost, or customer needs to determine project feasibility.",25.0
GLOBAL,global,2025-08-04,2025-08-11,1P API,onet_task,0,onet_task_pct,"analyze electronics system requirements, capacity, cost, or customer needs to determine project feasibility.",0.002646516443335966
GLOBAL,global,2025-08-04,2025-08-11,1P API,onet_task,0,onet_task_count,analyze equipment performance records to assess equipment functioning.,48.0
GLOBAL,global,2025-08-04,2025-08-11,1P API,onet_task,0,onet_task_pct,analyze equipment performance records to assess equipment functioning.,0.0050813115712050536
GLOBAL,global,2025-08-04,2025-08-11,1P API,onet_task,0,onet_task_count,"analyze expenditures and other financial information to develop plans, policies, or budgets for increasing profits or improving services.",44.0
GLOBAL,global,2025-08-04,2025-08-11,1P API,onet_task,0,onet_task_pct,"analyze expenditures and other financial information to develop plans, policies, or budgets for increasing profits or improving services.",0.0046578689402713
GLOBAL,global,2025-08-04,2025-08-11,1P API,onet_task,0,onet_task_count,analyze experimental data and interpret results to write reports and summaries of findings.,2027.0
GLOBAL,global,2025-08-04,2025-08-11,1P API,onet_task,0,onet_task_pct,analyze experimental data and interpret results to write reports and summaries of findings.,0.2145795532256801
GLOBAL,global,2025-08-04,2025-08-11,1P API,onet_task,0,onet_task_count,"analyze financial data to detect irregularities in areas such as billing trends, financial relationships, and regulatory compliance procedures.",38.0
GLOBAL,global,2025-08-04,2025-08-11,1P API,onet_task,0,onet_task_pct,"analyze financial data to detect irregularities in areas such as billing trends, financial relationships, and regulatory compliance procedures.",0.004022704993870668
GLOBAL,global,2025-08-04,2025-08-11,1P API,onet_task,0,onet_task_count,analyze financial information obtained from clients to determine strategies for meeting clients' financial objectives.,360.0
GLOBAL,global,2025-08-04,2025-08-11,1P API,onet_task,0,onet_task_pct,analyze financial information obtained from clients to determine strategies for meeting clients' financial objectives.,0.038109836784037905
GLOBAL,global,2025-08-04,2025-08-11,1P API,onet_task,0,onet_task_count,analyze financial or operational performance of companies facing financial difficulties to identify or recommend remedies.,58.0
GLOBAL,global,2025-08-04,2025-08-11,1P API,onet_task,0,onet_task_pct,analyze financial or operational performance of companies facing financial difficulties to identify or recommend remedies.,0.006139918148539441
GLOBAL,global,2025-08-04,2025-08-11,1P API,onet_task,0,onet_task_count,"analyze geographic information systems (gis) data to identify spatial relationships or display results of analyses, using maps, graphs, or tabular data.",54.0
GLOBAL,global,2025-08-04,2025-08-11,1P API,onet_task,0,onet_task_pct,"analyze geographic information systems (gis) data to identify spatial relationships or display results of analyses, using maps, graphs, or tabular data.",0.005716475517605686
GLOBAL,global,2025-08-04,2025-08-11,1P API,onet_task,0,onet_task_count,analyze information gathered by investigation and report findings and recommendations.,22.0
GLOBAL,global,2025-08-04,2025-08-11,1P API,onet_task,0,onet_task_pct,analyze information gathered by investigation and report findings and recommendations.,0.00232893447013565
GLOBAL,global,2025-08-04,2025-08-11,1P API,onet_task,0,onet_task_count,analyze information obtained from management to conceptualize and define operational problems.,863.0
GLOBAL,global,2025-08-04,2025-08-11,1P API,onet_task,0,onet_task_pct,analyze information obtained from management to conceptualize and define operational problems.,0.09135774762395754
GLOBAL,global,2025-08-04,2025-08-11,1P API,onet_task,0,onet_task_count,"analyze information processing or computation needs and plan and design computer systems, using techniques such as structured analysis, data modeling and information engineering.",343.0
GLOBAL,global,2025-08-04,2025-08-11,1P API,onet_task,0,onet_task_pct,"analyze information processing or computation needs and plan and design computer systems, using techniques such as structured analysis, data modeling and information engineering.",0.03631020560256945
GLOBAL,global,2025-08-04,2025-08-11,1P API,onet_task,0,onet_task_count,"analyze information to determine, recommend, and plan computer specifications and layouts, and peripheral equipment modifications.",314.0
GLOBAL,global,2025-08-04,2025-08-11,1P API,onet_task,0,onet_task_pct,"analyze information to determine, recommend, and plan computer specifications and layouts, and peripheral equipment modifications.",0.033240246528299724
GLOBAL,global,2025-08-04,2025-08-11,1P API,onet_task,0,onet_task_count,"analyze information to determine, recommend, and plan installation of a new system or modification of an existing system.",156.0
GLOBAL,global,2025-08-04,2025-08-11,1P API,onet_task,0,onet_task_pct,"analyze information to determine, recommend, and plan installation of a new system or modification of an existing system.",0.016514262606416426
GLOBAL,global,2025-08-04,2025-08-11,1P API,onet_task,0,onet_task_count,"analyze information to determine, recommend, and plan layout, including type of computers and peripheral equipment modifications.",529.0
GLOBAL,global,2025-08-04,2025-08-11,1P API,onet_task,0,onet_task_pct,"analyze information to determine, recommend, and plan layout, including type of computers and peripheral equipment modifications.",0.05600028794098904
GLOBAL,global,2025-08-04,2025-08-11,1P API,onet_task,0,onet_task_count,"analyze job requirements and content to establish criteria for classification, selection, training, and other related personnel functions.",48.0
GLOBAL,global,2025-08-04,2025-08-11,1P API,onet_task,0,onet_task_pct,"analyze job requirements and content to establish criteria for classification, selection, training, and other related personnel functions.",0.0050813115712050536
GLOBAL,global,2025-08-04,2025-08-11,1P API,onet_task,0,onet_task_count,analyze laboratory findings to check the accuracy of the results.,255.0
GLOBAL,global,2025-08-04,2025-08-11,1P API,onet_task,0,onet_task_pct,analyze laboratory findings to check the accuracy of the results.,0.026994467722026853
GLOBAL,global,2025-08-04,2025-08-11,1P API,onet_task,0,onet_task_count,"analyze large molecular datasets such as raw microarray data, genomic sequence data, and proteomics data for clinical or basic research purposes.",384.0
GLOBAL,global,2025-08-04,2025-08-11,1P API,onet_task,0,onet_task_pct,"analyze large molecular datasets such as raw microarray data, genomic sequence data, and proteomics data for clinical or basic research purposes.",0.04065049256964043
GLOBAL,global,2025-08-04,2025-08-11,1P API,onet_task,0,onet_task_count,analyze market conditions to determine optimum times to execute securities transactions.,850.0
GLOBAL,global,2025-08-04,2025-08-11,1P API,onet_task,0,onet_task_pct,analyze market conditions to determine optimum times to execute securities transactions.,0.08998155907342284
GLOBAL,global,2025-08-04,2025-08-11,1P API,onet_task,0,onet_task_count,"analyze network data to determine network usage, disk space availability, or server function.",73.0
GLOBAL,global,2025-08-04,2025-08-11,1P API,onet_task,0,onet_task_pct,"analyze network data to determine network usage, disk space availability, or server function.",0.007727828014541019
GLOBAL,global,2025-08-04,2025-08-11,1P API,onet_task,0,onet_task_count,"analyze operations to evaluate performance of a company or its staff in meeting objectives or to determine areas of potential cost reduction, program improvement, or policy change.",1751.0
GLOBAL,global,2025-08-04,2025-08-11,1P API,onet_task,0,onet_task_pct,"analyze operations to evaluate performance of a company or its staff in meeting objectives or to determine areas of potential cost reduction, program improvement, or policy change.",0.18536201169125102
GLOBAL,global,2025-08-04,2025-08-11,1P API,onet_task,0,onet_task_count,analyze or evaluate dental needs to determine changes or trends in patterns of dental disease.,24.0
GLOBAL,global,2025-08-04,2025-08-11,1P API,onet_task,0,onet_task_pct,analyze or evaluate dental needs to determine changes or trends in patterns of dental disease.,0.0025406557856025268
GLOBAL,global,2025-08-04,2025-08-11,1P API,onet_task,0,onet_task_count,"analyze or interpret logistics data involving customer service, forecasting, procurement, manufacturing, inventory, transportation, or warehousing.",487.0
GLOBAL,global,2025-08-04,2025-08-11,1P API,onet_task,0,onet_task_pct,"analyze or interpret logistics data involving customer service, forecasting, procurement, manufacturing, inventory, transportation, or warehousing.",0.05155414031618461
GLOBAL,global,2025-08-04,2025-08-11,1P API,onet_task,0,onet_task_count,"analyze or manipulate bioinformatics data using software packages, statistical applications, or data mining techniques.",32.0
GLOBAL,global,2025-08-04,2025-08-11,1P API,onet_task,0,onet_task_pct,"analyze or manipulate bioinformatics data using software packages, statistical applications, or data mining techniques.",0.003387541047470036
GLOBAL,global,2025-08-04,2025-08-11,1P API,onet_task,0,onet_task_count,analyze or synthesize client data to draw conclusions or make recommendations for therapy.,71.0
GLOBAL,global,2025-08-04,2025-08-11,1P API,onet_task,0,onet_task_pct,analyze or synthesize client data to draw conclusions or make recommendations for therapy.,0.007516106699074142
GLOBAL,global,2025-08-04,2025-08-11,1P API,onet_task,0,onet_task_count,"analyze organic or inorganic compounds to determine chemical or physical properties, composition, structure, relationships, or reactions, using chromatography, spectroscopy, or spectrophotometry techniques.",1555.0
GLOBAL,global,2025-08-04,2025-08-11,1P API,onet_task,0,onet_task_pct,"analyze organic or inorganic compounds to determine chemical or physical properties, composition, structure, relationships, or reactions, using chromatography, spectroscopy, or spectrophotometry techniques.",0.16461332277549706
GLOBAL,global,2025-08-04,2025-08-11,1P API,onet_task,0,onet_task_count,"analyze organizational, occupational, and industrial data to facilitate organizational functions and provide technical information to business, industry, and government.",5661.0
GLOBAL,global,2025-08-04,2025-08-11,1P API,onet_task,0,onet_task_pct,"analyze organizational, occupational, and industrial data to facilitate organizational functions and provide technical information to business, industry, and government.",0.599277183428996
GLOBAL,global,2025-08-04,2025-08-11,1P API,onet_task,0,onet_task_count,analyze patrons' hair and other physical features to determine and recommend beauty treatment or suggest hair styles.,41.0
GLOBAL,global,2025-08-04,2025-08-11,1P API,onet_task,0,onet_task_pct,analyze patrons' hair and other physical features to determine and recommend beauty treatment or suggest hair styles.,0.004340286967070984
GLOBAL,global,2025-08-04,2025-08-11,1P API,onet_task,0,onet_task_count,analyze patrons' requests to determine needed information and assist in furnishing or locating that information.,79.0
GLOBAL,global,2025-08-04,2025-08-11,1P API,onet_task,0,onet_task_pct,analyze patrons' requests to determine needed information and assist in furnishing or locating that information.,0.008362991960941651
GLOBAL,global,2025-08-04,2025-08-11,1P API,onet_task,0,onet_task_count,"analyze performance data to determine effectiveness of instructional systems, courses, or instructional materials.",123.0
GLOBAL,global,2025-08-04,2025-08-11,1P API,onet_task,0,onet_task_pct,"analyze performance data to determine effectiveness of instructional systems, courses, or instructional materials.",0.01302086090121295
GLOBAL,global,2025-08-04,2025-08-11,1P API,onet_task,0,onet_task_count,analyze physical findings and medical histories to make diagnoses according to oriental medicine traditions.,25.0
GLOBAL,global,2025-08-04,2025-08-11,1P API,onet_task,0,onet_task_pct,analyze physical findings and medical histories to make diagnoses according to oriental medicine traditions.,0.002646516443335966
GLOBAL,global,2025-08-04,2025-08-11,1P API,onet_task,0,onet_task_count,analyze potential loan markets to find opportunities to promote loans and financial services.,49.0
GLOBAL,global,2025-08-04,2025-08-11,1P API,onet_task,0,onet_task_pct,analyze potential loan markets to find opportunities to promote loans and financial services.,0.0051871722289384935
GLOBAL,global,2025-08-04,2025-08-11,1P API,onet_task,0,onet_task_count,analyze prescribing trends to monitor patient compliance and to prevent excessive usage or harmful interactions.,21.0
GLOBAL,global,2025-08-04,2025-08-11,1P API,onet_task,0,onet_task_pct,analyze prescribing trends to monitor patient compliance and to prevent excessive usage or harmful interactions.,0.002223073812402211
GLOBAL,global,2025-08-04,2025-08-11,1P API,onet_task,0,onet_task_count,"analyze price proposals, financial reports, and other data and information to determine reasonable prices.",36.0
GLOBAL,global,2025-08-04,2025-08-11,1P API,onet_task,0,onet_task_pct,"analyze price proposals, financial reports, and other data and information to determine reasonable prices.",0.0038109836784037906
GLOBAL,global,2025-08-04,2025-08-11,1P API,onet_task,0,onet_task_count,analyze problems to develop solutions involving computer hardware and software.,91.0
GLOBAL,global,2025-08-04,2025-08-11,1P API,onet_task,0,onet_task_pct,analyze problems to develop solutions involving computer hardware and software.,0.009633319853742914
GLOBAL,global,2025-08-04,2025-08-11,1P API,onet_task,0,onet_task_count,analyze product complaints and make recommendations regarding their reportability.,30.0
GLOBAL,global,2025-08-04,2025-08-11,1P API,onet_task,0,onet_task_pct,analyze product complaints and make recommendations regarding their reportability.,0.003175819732003159
GLOBAL,global,2025-08-04,2025-08-11,1P API,onet_task,0,onet_task_count,"analyze records, reports, test results, or examination information to diagnose medical condition of patient.",812.0
GLOBAL,global,2025-08-04,2025-08-11,1P API,onet_task,0,onet_task_pct,"analyze records, reports, test results, or examination information to diagnose medical condition of patient.",0.08595885407955216
GLOBAL,global,2025-08-04,2025-08-11,1P API,onet_task,0,onet_task_count,"analyze research data to determine its significance, using computers.",598.0
GLOBAL,global,2025-08-04,2025-08-11,1P API,onet_task,0,onet_task_pct,"analyze research data to determine its significance, using computers.",0.0633046733245963
GLOBAL,global,2025-08-04,2025-08-11,1P API,onet_task,0,onet_task_count,analyze samples of biological material for chemical content or reaction.,63.0
GLOBAL,global,2025-08-04,2025-08-11,1P API,onet_task,0,onet_task_pct,analyze samples of biological material for chemical content or reaction.,0.006669221437206634
GLOBAL,global,2025-08-04,2025-08-11,1P API,onet_task,0,onet_task_count,analyze statistical data and reports to identify and determine causes of personnel problems and develop recommendations for improvement of organization's personnel policies and practices.,23.0
GLOBAL,global,2025-08-04,2025-08-11,1P API,onet_task,0,onet_task_pct,analyze statistical data and reports to identify and determine causes of personnel problems and develop recommendations for improvement of organization's personnel policies and practices.,0.0024347951278690886
GLOBAL,global,2025-08-04,2025-08-11,1P API,onet_task,0,onet_task_count,analyze system performance or operational requirements.,935.0
GLOBAL,global,2025-08-04,2025-08-11,1P API,onet_task,0,onet_task_pct,analyze system performance or operational requirements.,0.09897971498076513
GLOBAL,global,2025-08-04,2025-08-11,1P API,onet_task,0,onet_task_count,analyze target companies or investment opportunities to inform investment decisions.,763.0
GLOBAL,global,2025-08-04,2025-08-11,1P API,onet_task,0,onet_task_pct,analyze target companies or investment opportunities to inform investment decisions.,0.08077168185061367
GLOBAL,global,2025-08-04,2025-08-11,1P API,onet_task,0,onet_task_count,analyze technology trends to identify markets for future product development or to improve sales of existing products.,15.0
GLOBAL,global,2025-08-04,2025-08-11,1P API,onet_task,0,onet_task_pct,analyze technology trends to identify markets for future product development or to improve sales of existing products.,0.0015879098660015795
GLOBAL,global,2025-08-04,2025-08-11,1P API,onet_task,0,onet_task_count,"analyze test data, making computations as necessary, to determine test results.",2494.0
GLOBAL,global,2025-08-04,2025-08-11,1P API,onet_task,0,onet_task_pct,"analyze test data, making computations as necessary, to determine test results.",0.26401648038719594
GLOBAL,global,2025-08-04,2025-08-11,1P API,onet_task,0,onet_task_count,analyze test results and develop a treatment plan.,20.0
GLOBAL,global,2025-08-04,2025-08-11,1P API,onet_task,0,onet_task_pct,analyze test results and develop a treatment plan.,0.0021172131546687727
GLOBAL,global,2025-08-04,2025-08-11,1P API,onet_task,0,onet_task_count,"analyze the financial details of past, present, and expected operations to identify development opportunities and areas where improvement is needed.",43.0
GLOBAL,global,2025-08-04,2025-08-11,1P API,onet_task,0,onet_task_pct,"analyze the financial details of past, present, and expected operations to identify development opportunities and areas where improvement is needed.",0.004552008282537861
GLOBAL,global,2025-08-04,2025-08-11,1P API,onet_task,0,onet_task_count,"analyze the layout, instrumentation, or function of electrical generation or transmission facilities.",52.0
GLOBAL,global,2025-08-04,2025-08-11,1P API,onet_task,0,onet_task_pct,"analyze the layout, instrumentation, or function of electrical generation or transmission facilities.",0.005504754202138809
GLOBAL,global,2025-08-04,2025-08-11,1P API,onet_task,0,onet_task_count,"analyze training needs to design employee development, language training and health and safety programs.",15.0
GLOBAL,global,2025-08-04,2025-08-11,1P API,onet_task,0,onet_task_pct,"analyze training needs to design employee development, language training and health and safety programs.",0.0015879098660015795
GLOBAL,global,2025-08-04,2025-08-11,1P API,onet_task,0,onet_task_count,analyze training needs to develop new training programs or modify and improve existing programs.,56.0
GLOBAL,global,2025-08-04,2025-08-11,1P API,onet_task,0,onet_task_pct,analyze training needs to develop new training programs or modify and improve existing programs.,0.005928196833072563
GLOBAL,global,2025-08-04,2025-08-11,1P API,onet_task,0,onet_task_count,"analyze trends in sales prices, construction costs, and rents, to assess property values or determine the accuracy of assessments.",44.0
GLOBAL,global,2025-08-04,2025-08-11,1P API,onet_task,0,onet_task_pct,"analyze trends in sales prices, construction costs, and rents, to assess property values or determine the accuracy of assessments.",0.0046578689402713
GLOBAL,global,2025-08-04,2025-08-11,1P API,onet_task,0,onet_task_count,analyze user needs and recommend appropriate hardware.,89.0
GLOBAL,global,2025-08-04,2025-08-11,1P API,onet_task,0,onet_task_pct,analyze user needs and recommend appropriate hardware.,0.009421598538276038
GLOBAL,global,2025-08-04,2025-08-11,1P API,onet_task,0,onet_task_count,analyze user needs and software requirements to determine feasibility of design within time and cost constraints.,9785.0
GLOBAL,global,2025-08-04,2025-08-11,1P API,onet_task,0,onet_task_pct,analyze user needs and software requirements to determine feasibility of design within time and cost constraints.,1.0358465359216968
GLOBAL,global,2025-08-04,2025-08-11,1P API,onet_task,0,onet_task_count,"analyze, interpret, or create graphical representations of energy data, using engineering software.",218.0
GLOBAL,global,2025-08-04,2025-08-11,1P API,onet_task,0,onet_task_pct,"analyze, interpret, or create graphical representations of energy data, using engineering software.",0.02307762338588962
GLOBAL,global,2025-08-04,2025-08-11,1P API,onet_task,0,onet_task_count,"analyze, interpret, or disseminate system performance data.",699.0
GLOBAL,global,2025-08-04,2025-08-11,1P API,onet_task,0,onet_task_pct,"analyze, interpret, or disseminate system performance data.",0.0739965997556736
GLOBAL,global,2025-08-04,2025-08-11,1P API,onet_task,0,onet_task_count,"announce musical selections, station breaks, commercials, or public service information, and accept requests from listening audience.",21.0
GLOBAL,global,2025-08-04,2025-08-11,1P API,onet_task,0,onet_task_pct,"announce musical selections, station breaks, commercials, or public service information, and accept requests from listening audience.",0.002223073812402211
GLOBAL,global,2025-08-04,2025-08-11,1P API,onet_task,0,onet_task_count,answer applicants' questions about benefits and claim procedures.,83.0
GLOBAL,global,2025-08-04,2025-08-11,1P API,onet_task,0,onet_task_pct,answer applicants' questions about benefits and claim procedures.,0.008786434591875406
GLOBAL,global,2025-08-04,2025-08-11,1P API,onet_task,0,onet_task_count,answer clients' questions about the purposes and details of financial plans and strategies.,76.0
GLOBAL,global,2025-08-04,2025-08-11,1P API,onet_task,0,onet_task_pct,answer clients' questions about the purposes and details of financial plans and strategies.,0.008045409987741337
GLOBAL,global,2025-08-04,2025-08-11,1P API,onet_task,0,onet_task_count,"answer clients' questions regarding construction work, financing, maintenance, repairs, and appraisals.",62.0
GLOBAL,global,2025-08-04,2025-08-11,1P API,onet_task,0,onet_task_pct,"answer clients' questions regarding construction work, financing, maintenance, repairs, and appraisals.",0.006563360779473196
GLOBAL,global,2025-08-04,2025-08-11,1P API,onet_task,0,onet_task_count,"answer customer inquiries or explain cost, availability, policies, and procedures of facilities.",59.0
GLOBAL,global,2025-08-04,2025-08-11,1P API,onet_task,0,onet_task_pct,"answer customer inquiries or explain cost, availability, policies, and procedures of facilities.",0.006245778806272879
GLOBAL,global,2025-08-04,2025-08-11,1P API,onet_task,0,onet_task_count,answer customers' questions about merchandise and advise customers on merchandise selection.,323.0
GLOBAL,global,2025-08-04,2025-08-11,1P API,onet_task,0,onet_task_pct,answer customers' questions about merchandise and advise customers on merchandise selection.,0.03419299244790068
GLOBAL,global,2025-08-04,2025-08-11,1P API,onet_task,0,onet_task_count,"answer customers' questions about products, prices, availability, or credit terms.",1782.0
GLOBAL,global,2025-08-04,2025-08-11,1P API,onet_task,0,onet_task_pct,"answer customers' questions about products, prices, availability, or credit terms.",0.18864369208098763
GLOBAL,global,2025-08-04,2025-08-11,1P API,onet_task,0,onet_task_count,"answer customers' questions about products, prices, availability, product uses, and credit terms.",986.0
GLOBAL,global,2025-08-04,2025-08-11,1P API,onet_task,0,onet_task_pct,"answer customers' questions about products, prices, availability, product uses, and credit terms.",0.10437860852517049
GLOBAL,global,2025-08-04,2025-08-11,1P API,onet_task,0,onet_task_count,"answer customers' questions, and explain available services such as deposit accounts, bonds, and securities.",32.0
GLOBAL,global,2025-08-04,2025-08-11,1P API,onet_task,0,onet_task_pct,"answer customers' questions, and explain available services such as deposit accounts, bonds, and securities.",0.003387541047470036
GLOBAL,global,2025-08-04,2025-08-11,1P API,onet_task,0,onet_task_count,"answer customers' questions, and provide information on procedures or policies.",2114.0
GLOBAL,global,2025-08-04,2025-08-11,1P API,onet_task,0,onet_task_pct,"answer customers' questions, and provide information on procedures or policies.",0.22378943044848923
GLOBAL,global,2025-08-04,2025-08-11,1P API,onet_task,0,onet_task_count,"answer incoming calls, greeting callers, providing information, transferring calls or taking messages as necessary.",236.0
GLOBAL,global,2025-08-04,2025-08-11,1P API,onet_task,0,onet_task_pct,"answer incoming calls, greeting callers, providing information, transferring calls or taking messages as necessary.",0.024983115225091515
GLOBAL,global,2025-08-04,2025-08-11,1P API,onet_task,0,onet_task_count,"answer inquiries concerning the progress of medical cases, within the limits of confidentiality laws.",39.0
GLOBAL,global,2025-08-04,2025-08-11,1P API,onet_task,0,onet_task_pct,"answer inquiries concerning the progress of medical cases, within the limits of confidentiality laws.",0.0041285656516041064
GLOBAL,global,2025-08-04,2025-08-11,1P API,onet_task,0,onet_task_count,"answer inquiries from current or prospective customers regarding methods, materials, or price ranges.",223.0
GLOBAL,global,2025-08-04,2025-08-11,1P API,onet_task,0,onet_task_pct,"answer inquiries from current or prospective customers regarding methods, materials, or price ranges.",0.023606926674556813
GLOBAL,global,2025-08-04,2025-08-11,1P API,onet_task,0,onet_task_count,answer inquiries from the public concerning animal control operations.,26.0
GLOBAL,global,2025-08-04,2025-08-11,1P API,onet_task,0,onet_task_pct,answer inquiries from the public concerning animal control operations.,0.0027523771010694044
GLOBAL,global,2025-08-04,2025-08-11,1P API,onet_task,0,onet_task_count,"answer inquiries pertaining to hotel policies and services, and resolve occupants' complaints.",158.0
GLOBAL,global,2025-08-04,2025-08-11,1P API,onet_task,0,onet_task_pct,"answer inquiries pertaining to hotel policies and services, and resolve occupants' complaints.",0.016725983921883302
GLOBAL,global,2025-08-04,2025-08-11,1P API,onet_task,0,onet_task_count,"answer inquiries regarding information such as schedules, accommodations, procedures, and policies.",297.0
GLOBAL,global,2025-08-04,2025-08-11,1P API,onet_task,0,onet_task_pct,"answer inquiries regarding information such as schedules, accommodations, procedures, and policies.",0.03144061534683128
GLOBAL,global,2025-08-04,2025-08-11,1P API,onet_task,0,onet_task_count,answer inquiries regarding shipping or mailing policies.,18.0
GLOBAL,global,2025-08-04,2025-08-11,1P API,onet_task,0,onet_task_pct,answer inquiries regarding shipping or mailing policies.,0.0019054918392018953
GLOBAL,global,2025-08-04,2025-08-11,1P API,onet_task,0,onet_task_count,"answer passengers' questions about flights, aircraft, weather, travel routes and services, arrival times, or schedules.",37.0
GLOBAL,global,2025-08-04,2025-08-11,1P API,onet_task,0,onet_task_pct,"answer passengers' questions about flights, aircraft, weather, travel routes and services, arrival times, or schedules.",0.003916844336137229
GLOBAL,global,2025-08-04,2025-08-11,1P API,onet_task,0,onet_task_count,answer patients' calls and determine how to assist them.,15.0
GLOBAL,global,2025-08-04,2025-08-11,1P API,onet_task,0,onet_task_pct,answer patients' calls and determine how to assist them.,0.0015879098660015795
GLOBAL,global,2025-08-04,2025-08-11,1P API,onet_task,0,onet_task_count,answer questions about product features and benefits.,321.0
GLOBAL,global,2025-08-04,2025-08-11,1P API,onet_task,0,onet_task_pct,answer questions about product features and benefits.,0.0339812711324338
GLOBAL,global,2025-08-04,2025-08-11,1P API,onet_task,0,onet_task_count,answer questions about records or files.,36.0
GLOBAL,global,2025-08-04,2025-08-11,1P API,onet_task,0,onet_task_pct,answer questions about records or files.,0.0038109836784037906
GLOBAL,global,2025-08-04,2025-08-11,1P API,onet_task,0,onet_task_count,answer questions from the public and media.,137.0
GLOBAL,global,2025-08-04,2025-08-11,1P API,onet_task,0,onet_task_pct,answer questions from the public and media.,0.014502910109481093
GLOBAL,global,2025-08-04,2025-08-11,1P API,onet_task,0,onet_task_count,"answer questions or provide advice to the public regarding licensing policies, procedures, or regulations.",31.0
GLOBAL,global,2025-08-04,2025-08-11,1P API,onet_task,0,onet_task_pct,"answer questions or provide advice to the public regarding licensing policies, procedures, or regulations.",0.003281680389736598
GLOBAL,global,2025-08-04,2025-08-11,1P API,onet_task,0,onet_task_count,"answer questions regarding examinations, eligibility, salaries, benefits, and other pertinent information.",22.0
GLOBAL,global,2025-08-04,2025-08-11,1P API,onet_task,0,onet_task_pct,"answer questions regarding examinations, eligibility, salaries, benefits, and other pertinent information.",0.00232893447013565
GLOBAL,global,2025-08-04,2025-08-11,1P API,onet_task,0,onet_task_count,answer questions regarding the store and its merchandise.,23.0
GLOBAL,global,2025-08-04,2025-08-11,1P API,onet_task,0,onet_task_pct,answer questions regarding the store and its merchandise.,0.0024347951278690886
GLOBAL,global,2025-08-04,2025-08-11,1P API,onet_task,0,onet_task_count,answer telephone calls and respond to inquiries or transfer calls.,145.0
GLOBAL,global,2025-08-04,2025-08-11,1P API,onet_task,0,onet_task_pct,answer telephone calls and respond to inquiries or transfer calls.,0.0153497953713486
GLOBAL,global,2025-08-04,2025-08-11,1P API,onet_task,0,onet_task_count,answer telephone calls from potential customers who have been solicited through advertisements.,35.0
GLOBAL,global,2025-08-04,2025-08-11,1P API,onet_task,0,onet_task_pct,answer telephone calls from potential customers who have been solicited through advertisements.,0.003705123020670352
GLOBAL,global,2025-08-04,2025-08-11,1P API,onet_task,0,onet_task_count,answer telephones and direct calls to appropriate staff.,113.0
GLOBAL,global,2025-08-04,2025-08-11,1P API,onet_task,0,onet_task_pct,answer telephones and direct calls to appropriate staff.,0.011962254323878565
GLOBAL,global,2025-08-04,2025-08-11,1P API,onet_task,0,onet_task_count,"answer telephones and give information to callers, take messages, or transfer calls to appropriate individuals.",609.0
GLOBAL,global,2025-08-04,2025-08-11,1P API,onet_task,0,onet_task_pct,"answer telephones and give information to callers, take messages, or transfer calls to appropriate individuals.",0.06446914055966411
GLOBAL,global,2025-08-04,2025-08-11,1P API,onet_task,0,onet_task_count,answer telephones and schedule appointments.,22.0
GLOBAL,global,2025-08-04,2025-08-11,1P API,onet_task,0,onet_task_pct,answer telephones and schedule appointments.,0.00232893447013565
GLOBAL,global,2025-08-04,2025-08-11,1P API,onet_task,0,onet_task_count,answer telephones to provide information and receive orders.,33.0
GLOBAL,global,2025-08-04,2025-08-11,1P API,onet_task,0,onet_task_pct,answer telephones to provide information and receive orders.,0.0034934017052034748
GLOBAL,global,2025-08-04,2025-08-11,1P API,onet_task,0,onet_task_count,"answer telephones, and route calls or deliver messages.",89.0
GLOBAL,global,2025-08-04,2025-08-11,1P API,onet_task,0,onet_task_pct,"answer telephones, and route calls or deliver messages.",0.009421598538276038
GLOBAL,global,2025-08-04,2025-08-11,1P API,onet_task,0,onet_task_count,"answer telephones, direct calls, and take messages.",323.0
GLOBAL,global,2025-08-04,2025-08-11,1P API,onet_task,0,onet_task_pct,"answer telephones, direct calls, and take messages.",0.03419299244790068
GLOBAL,global,2025-08-04,2025-08-11,1P API,onet_task,0,onet_task_count,"answer telephones, responding to questions or requests.",335.0
GLOBAL,global,2025-08-04,2025-08-11,1P API,onet_task,0,onet_task_pct,"answer telephones, responding to questions or requests.",0.03546332034070194
GLOBAL,global,2025-08-04,2025-08-11,1P API,onet_task,0,onet_task_count,answer user inquiries regarding computer software or hardware operation to resolve problems.,121.0
GLOBAL,global,2025-08-04,2025-08-11,1P API,onet_task,0,onet_task_pct,answer user inquiries regarding computer software or hardware operation to resolve problems.,0.012809139585746074
GLOBAL,global,2025-08-04,2025-08-11,1P API,onet_task,0,onet_task_count,apply customer feedback to service improvement efforts.,147.0
GLOBAL,global,2025-08-04,2025-08-11,1P API,onet_task,0,onet_task_pct,apply customer feedback to service improvement efforts.,0.015561516686815477
GLOBAL,global,2025-08-04,2025-08-11,1P API,onet_task,0,onet_task_count,"apply mathematical or statistical techniques to address practical issues in finance, such as derivative valuation, securities trading, risk management, or financial market regulation.",66.0
GLOBAL,global,2025-08-04,2025-08-11,1P API,onet_task,0,onet_task_pct,"apply mathematical or statistical techniques to address practical issues in finance, such as derivative valuation, securities trading, risk management, or financial market regulation.",0.0069868034104069495
GLOBAL,global,2025-08-04,2025-08-11,1P API,onet_task,0,onet_task_count,"apply modeling or quantitative analysis to forecast events, such as human decisions or behaviors, the structure or processes of organizations, or the attitudes or actions of human groups.",25.0
GLOBAL,global,2025-08-04,2025-08-11,1P API,onet_task,0,onet_task_pct,"apply modeling or quantitative analysis to forecast events, such as human decisions or behaviors, the structure or processes of organizations, or the attitudes or actions of human groups.",0.002646516443335966
GLOBAL,global,2025-08-04,2025-08-11,1P API,onet_task,0,onet_task_count,"apply prepared specimen and control to appropriate grid, run instrumentation, and produce analyzable results.",23.0
GLOBAL,global,2025-08-04,2025-08-11,1P API,onet_task,0,onet_task_pct,"apply prepared specimen and control to appropriate grid, run instrumentation, and produce analyzable results.",0.0024347951278690886
GLOBAL,global,2025-08-04,2025-08-11,1P API,onet_task,0,onet_task_count,"apply relevant laws, regulations, policies, or precedents to reach conclusions.",43.0
GLOBAL,global,2025-08-04,2025-08-11,1P API,onet_task,0,onet_task_pct,"apply relevant laws, regulations, policies, or precedents to reach conclusions.",0.004552008282537861
GLOBAL,global,2025-08-04,2025-08-11,1P API,onet_task,0,onet_task_count,"apply story development, directing, cinematography, and editing to animation to create storyboards that show the flow of the animation and map out key scenes and characters.",29.0
GLOBAL,global,2025-08-04,2025-08-11,1P API,onet_task,0,onet_task_pct,"apply story development, directing, cinematography, and editing to animation to create storyboards that show the flow of the animation and map out key scenes and characters.",0.0030699590742697203
GLOBAL,global,2025-08-04,2025-08-11,1P API,onet_task,0,onet_task_count,"appraise property values, assessing income potential when relevant.",58.0
GLOBAL,global,2025-08-04,2025-08-11,1P API,onet_task,0,onet_task_pct,"appraise property values, assessing income potential when relevant.",0.006139918148539441
GLOBAL,global,2025-08-04,2025-08-11,1P API,onet_task,0,onet_task_count,"appraise, evaluate, and inventory real property and equipment, recording information such as the description, value, and location of property.",35.0
GLOBAL,global,2025-08-04,2025-08-11,1P API,onet_task,0,onet_task_pct,"appraise, evaluate, and inventory real property and equipment, recording information such as the description, value, and location of property.",0.003705123020670352
GLOBAL,global,2025-08-04,2025-08-11,1P API,onet_task,0,onet_task_count,"approve, reject, or coordinate the approval or rejection of lines of credit or commercial, real estate, or personal loans.",34.0
GLOBAL,global,2025-08-04,2025-08-11,1P API,onet_task,0,onet_task_pct,"approve, reject, or coordinate the approval or rejection of lines of credit or commercial, real estate, or personal loans.",0.003599262362936914
GLOBAL,global,2025-08-04,2025-08-11,1P API,onet_task,0,onet_task_count,"arrange conference, meeting, or travel reservations for office personnel.",68.0
GLOBAL,global,2025-08-04,2025-08-11,1P API,onet_task,0,onet_task_pct,"arrange conference, meeting, or travel reservations for office personnel.",0.007198524725873828
GLOBAL,global,2025-08-04,2025-08-11,1P API,onet_task,0,onet_task_count,"arrange financing of deals from sources such as financial institutions, agencies, or public or private companies.",25.0
GLOBAL,global,2025-08-04,2025-08-11,1P API,onet_task,0,onet_task_pct,"arrange financing of deals from sources such as financial institutions, agencies, or public or private companies.",0.002646516443335966
GLOBAL,global,2025-08-04,2025-08-11,1P API,onet_task,0,onet_task_count,arrange for advertising or posting of job vacancies and notify eligible workers of position availability.,55.0
GLOBAL,global,2025-08-04,2025-08-11,1P API,onet_task,0,onet_task_pct,arrange for advertising or posting of job vacancies and notify eligible workers of position availability.,0.005822336175339125
GLOBAL,global,2025-08-04,2025-08-11,1P API,onet_task,0,onet_task_count,"arrange for debt repayment or establish repayment schedules, based on customers' financial situations.",39.0
GLOBAL,global,2025-08-04,2025-08-11,1P API,onet_task,0,onet_task_pct,"arrange for debt repayment or establish repayment schedules, based on customers' financial situations.",0.0041285656516041064
GLOBAL,global,2025-08-04,2025-08-11,1P API,onet_task,0,onet_task_count,arrange merchandise and sales promotion displays or issue sales promotion materials to customers.,23.0
GLOBAL,global,2025-08-04,2025-08-11,1P API,onet_task,0,onet_task_pct,arrange merchandise and sales promotion displays or issue sales promotion materials to customers.,0.0024347951278690886
GLOBAL,global,2025-08-04,2025-08-11,1P API,onet_task,0,onet_task_count,"arrange tours, taxis, or restaurant reservations for customers.",26.0
GLOBAL,global,2025-08-04,2025-08-11,1P API,onet_task,0,onet_task_pct,"arrange tours, taxis, or restaurant reservations for customers.",0.0027523771010694044
GLOBAL,global,2025-08-04,2025-08-11,1P API,onet_task,0,onet_task_count,"ask questions in accordance with instructions to obtain various specified information, such as person's name, address, age, religious preference, or state of residency.",163.0
GLOBAL,global,2025-08-04,2025-08-11,1P API,onet_task,0,onet_task_pct,"ask questions in accordance with instructions to obtain various specified information, such as person's name, address, age, religious preference, or state of residency.",0.0172552872105505
GLOBAL,global,2025-08-04,2025-08-11,1P API,onet_task,0,onet_task_count,ask questions that will help clients identify their feelings and behaviors.,110.0
GLOBAL,global,2025-08-04,2025-08-11,1P API,onet_task,0,onet_task_pct,ask questions that will help clients identify their feelings and behaviors.,0.01164467235067825
GLOBAL,global,2025-08-04,2025-08-11,1P API,onet_task,0,onet_task_count,"assemble and compile documents for loan closings, such as title abstracts, insurance forms, loan forms, and tax receipts.",28.0
GLOBAL,global,2025-08-04,2025-08-11,1P API,onet_task,0,onet_task_pct,"assemble and compile documents for loan closings, such as title abstracts, insurance forms, loan forms, and tax receipts.",0.0029640984165362817
GLOBAL,global,2025-08-04,2025-08-11,1P API,onet_task,0,onet_task_count,"assemble, maintain, or distribute information for library or record systems.",22.0
GLOBAL,global,2025-08-04,2025-08-11,1P API,onet_task,0,onet_task_pct,"assemble, maintain, or distribute information for library or record systems.",0.00232893447013565
GLOBAL,global,2025-08-04,2025-08-11,1P API,onet_task,0,onet_task_count,"assess clients' overall financial situation by reviewing income, assets, debts, expenses, credit reports, or other financial information.",54.0
GLOBAL,global,2025-08-04,2025-08-11,1P API,onet_task,0,onet_task_pct,"assess clients' overall financial situation by reviewing income, assets, debts, expenses, credit reports, or other financial information.",0.005716475517605686
GLOBAL,global,2025-08-04,2025-08-11,1P API,onet_task,0,onet_task_count,assess companies as investments for clients by examining company facilities.,27.0
GLOBAL,global,2025-08-04,2025-08-11,1P API,onet_task,0,onet_task_pct,assess companies as investments for clients by examining company facilities.,0.002858237758802843
GLOBAL,global,2025-08-04,2025-08-11,1P API,onet_task,0,onet_task_count,"assess cost effectiveness of products, projects or services, tracking actual costs relative to bids as the project develops.",16.0
GLOBAL,global,2025-08-04,2025-08-11,1P API,onet_task,0,onet_task_pct,"assess cost effectiveness of products, projects or services, tracking actual costs relative to bids as the project develops.",0.001693770523735018
GLOBAL,global,2025-08-04,2025-08-11,1P API,onet_task,0,onet_task_count,"assess current or future customer needs and priorities through communicating directly with customers, conducting surveys, or other methods.",128.0
GLOBAL,global,2025-08-04,2025-08-11,1P API,onet_task,0,onet_task_pct,"assess current or future customer needs and priorities through communicating directly with customers, conducting surveys, or other methods.",0.013550164189880145
GLOBAL,global,2025-08-04,2025-08-11,1P API,onet_task,0,onet_task_count,"assess effectiveness and efficiency of instruction according to ease of instructional technology use and student learning, knowledge transfer, and satisfaction.",31.0
GLOBAL,global,2025-08-04,2025-08-11,1P API,onet_task,0,onet_task_pct,"assess effectiveness and efficiency of instruction according to ease of instructional technology use and student learning, knowledge transfer, and satisfaction.",0.003281680389736598
GLOBAL,global,2025-08-04,2025-08-11,1P API,onet_task,0,onet_task_count,"assess nutritional needs, diet restrictions and current health plans to develop and implement dietary-care plans and provide nutritional counseling.",58.0
GLOBAL,global,2025-08-04,2025-08-11,1P API,onet_task,0,onet_task_pct,"assess nutritional needs, diet restrictions and current health plans to develop and implement dietary-care plans and provide nutritional counseling.",0.006139918148539441
GLOBAL,global,2025-08-04,2025-08-11,1P API,onet_task,0,onet_task_count,assess patients for risk of suicide attempts.,42.0
GLOBAL,global,2025-08-04,2025-08-11,1P API,onet_task,0,onet_task_pct,assess patients for risk of suicide attempts.,0.004446147624804422
GLOBAL,global,2025-08-04,2025-08-11,1P API,onet_task,0,onet_task_count,"assess project feasibility by analyzing technology, resource needs, and market demand.",40.0
GLOBAL,global,2025-08-04,2025-08-11,1P API,onet_task,0,onet_task_pct,"assess project feasibility by analyzing technology, resource needs, and market demand.",0.0042344263093375455
GLOBAL,global,2025-08-04,2025-08-11,1P API,onet_task,0,onet_task_count,assess risks to mitigate potential consequences of incidents and develop a plan to respond to incidents.,190.0
GLOBAL,global,2025-08-04,2025-08-11,1P API,onet_task,0,onet_task_pct,assess risks to mitigate potential consequences of incidents and develop a plan to respond to incidents.,0.020113524969353338
GLOBAL,global,2025-08-04,2025-08-11,1P API,onet_task,0,onet_task_count,assess the nature and level of threats so that the scope of the problem can be determined.,327.0
GLOBAL,global,2025-08-04,2025-08-11,1P API,onet_task,0,onet_task_pct,assess the nature and level of threats so that the scope of the problem can be determined.,0.03461643507883443
GLOBAL,global,2025-08-04,2025-08-11,1P API,onet_task,0,onet_task_count,assess the usefulness of pre-developed application packages and adapt them to a user environment.,2048.0
GLOBAL,global,2025-08-04,2025-08-11,1P API,onet_task,0,onet_task_pct,assess the usefulness of pre-developed application packages and adapt them to a user environment.,0.2168026270380823
GLOBAL,global,2025-08-04,2025-08-11,1P API,onet_task,0,onet_task_count,assess training needs of staff and arrange for or provide appropriate instruction.,16.0
GLOBAL,global,2025-08-04,2025-08-11,1P API,onet_task,0,onet_task_pct,assess training needs of staff and arrange for or provide appropriate instruction.,0.001693770523735018
GLOBAL,global,2025-08-04,2025-08-11,1P API,onet_task,0,onet_task_count,"assess training needs through surveys, interviews with employees, focus groups, or consultation with managers, instructors, or customer representatives.",60.0
GLOBAL,global,2025-08-04,2025-08-11,1P API,onet_task,0,onet_task_pct,"assess training needs through surveys, interviews with employees, focus groups, or consultation with managers, instructors, or customer representatives.",0.006351639464006318
GLOBAL,global,2025-08-04,2025-08-11,1P API,onet_task,0,onet_task_count,assign or schedule tasks to meet work priorities and goals.,28.0
GLOBAL,global,2025-08-04,2025-08-11,1P API,onet_task,0,onet_task_pct,assign or schedule tasks to meet work priorities and goals.,0.0029640984165362817
GLOBAL,global,2025-08-04,2025-08-11,1P API,onet_task,0,onet_task_count,"assign work to employees, based on material or worker requirements of specific jobs.",31.0
GLOBAL,global,2025-08-04,2025-08-11,1P API,onet_task,0,onet_task_pct,"assign work to employees, based on material or worker requirements of specific jobs.",0.003281680389736598
GLOBAL,global,2025-08-04,2025-08-11,1P API,onet_task,0,onet_task_count,assist customers by providing information and resolving their complaints.,254.0
GLOBAL,global,2025-08-04,2025-08-11,1P API,onet_task,0,onet_task_pct,assist customers by providing information and resolving their complaints.,0.026888607064293413
GLOBAL,global,2025-08-04,2025-08-11,1P API,onet_task,0,onet_task_count,"assist customers, such as responding to customer complaints and updating them about back-ordered parts.",25.0
GLOBAL,global,2025-08-04,2025-08-11,1P API,onet_task,0,onet_task_pct,"assist customers, such as responding to customer complaints and updating them about back-ordered parts.",0.002646516443335966
GLOBAL,global,2025-08-04,2025-08-11,1P API,onet_task,0,onet_task_count,assist in laying out material for publication.,37.0
GLOBAL,global,2025-08-04,2025-08-11,1P API,onet_task,0,onet_task_pct,assist in laying out material for publication.,0.003916844336137229
GLOBAL,global,2025-08-04,2025-08-11,1P API,onet_task,0,onet_task_count,"assist in the assessment, acquisition, or deployment of new electronic document management systems.",39.0
GLOBAL,global,2025-08-04,2025-08-11,1P API,onet_task,0,onet_task_pct,"assist in the assessment, acquisition, or deployment of new electronic document management systems.",0.0041285656516041064
GLOBAL,global,2025-08-04,2025-08-11,1P API,onet_task,0,onet_task_count,assist patients in organizing their health care system activities.,42.0
GLOBAL,global,2025-08-04,2025-08-11,1P API,onet_task,0,onet_task_pct,assist patients in organizing their health care system activities.,0.004446147624804422
GLOBAL,global,2025-08-04,2025-08-11,1P API,onet_task,0,onet_task_count,assist students who need extra help with their coursework outside of class.,2053.0
GLOBAL,global,2025-08-04,2025-08-11,1P API,onet_task,0,onet_task_pct,assist students who need extra help with their coursework outside of class.,0.21733193032674952
GLOBAL,global,2025-08-04,2025-08-11,1P API,onet_task,0,onet_task_count,attempt to sell additional merchandise or services to prospective or current customers by telephone or through visits.,44.0
GLOBAL,global,2025-08-04,2025-08-11,1P API,onet_task,0,onet_task_pct,attempt to sell additional merchandise or services to prospective or current customers by telephone or through visits.,0.0046578689402713
GLOBAL,global,2025-08-04,2025-08-11,1P API,onet_task,0,onet_task_count,"attend sales or trade meetings or read related publications to obtain information about market conditions, business trends, environmental regulations, or industry developments.",67.0
GLOBAL,global,2025-08-04,2025-08-11,1P API,onet_task,0,onet_task_pct,"attend sales or trade meetings or read related publications to obtain information about market conditions, business trends, environmental regulations, or industry developments.",0.007092664068140388
GLOBAL,global,2025-08-04,2025-08-11,1P API,onet_task,0,onet_task_count,"attend to the needs of the bereaved, such as by offering comfort, counseling, or after care programs.",62.0
GLOBAL,global,2025-08-04,2025-08-11,1P API,onet_task,0,onet_task_pct,"attend to the needs of the bereaved, such as by offering comfort, counseling, or after care programs.",0.006563360779473196
GLOBAL,global,2025-08-04,2025-08-11,1P API,onet_task,0,onet_task_count,back up network data.,19.0
GLOBAL,global,2025-08-04,2025-08-11,1P API,onet_task,0,onet_task_pct,back up network data.,0.002011352496935334
GLOBAL,global,2025-08-04,2025-08-11,1P API,onet_task,0,onet_task_count,"book transportation and hotel reservations, using computer terminal or telephone.",57.0
GLOBAL,global,2025-08-04,2025-08-11,1P API,onet_task,0,onet_task_pct,"book transportation and hotel reservations, using computer terminal or telephone.",0.0060340574908060015
GLOBAL,global,2025-08-04,2025-08-11,1P API,onet_task,0,onet_task_count,"break systems into their component parts, assign numerical values to each component, and examine the mathematical relationships between them.",189.0
GLOBAL,global,2025-08-04,2025-08-11,1P API,onet_task,0,onet_task_pct,"break systems into their component parts, assign numerical values to each component, and examine the mathematical relationships between them.",0.0200076643116199
GLOBAL,global,2025-08-04,2025-08-11,1P API,onet_task,0,onet_task_count,broadcast weather reports and warnings.,40.0
GLOBAL,global,2025-08-04,2025-08-11,1P API,onet_task,0,onet_task_pct,broadcast weather reports and warnings.,0.0042344263093375455
GLOBAL,global,2025-08-04,2025-08-11,1P API,onet_task,0,onet_task_count,build and update digital databases.,73.0
GLOBAL,global,2025-08-04,2025-08-11,1P API,onet_task,0,onet_task_pct,build and update digital databases.,0.007727828014541019
GLOBAL,global,2025-08-04,2025-08-11,1P API,onet_task,0,onet_task_count,"buy or sell stocks, bonds, commodity futures, foreign currencies, or other securities on behalf of investment dealers.",117.0
GLOBAL,global,2025-08-04,2025-08-11,1P API,onet_task,0,onet_task_pct,"buy or sell stocks, bonds, commodity futures, foreign currencies, or other securities on behalf of investment dealers.",0.01238569695481232
GLOBAL,global,2025-08-04,2025-08-11,1P API,onet_task,0,onet_task_count,calculate amount of debt and funds available to plan methods of payoff and to estimate time for debt liquidation.,16.0
GLOBAL,global,2025-08-04,2025-08-11,1P API,onet_task,0,onet_task_pct,calculate amount of debt and funds available to plan methods of payoff and to estimate time for debt liquidation.,0.001693770523735018
GLOBAL,global,2025-08-04,2025-08-11,1P API,onet_task,0,onet_task_count,"calculate amounts of required materials and estimate costs, based on surface measurements or work orders.",48.0
GLOBAL,global,2025-08-04,2025-08-11,1P API,onet_task,0,onet_task_pct,"calculate amounts of required materials and estimate costs, based on surface measurements or work orders.",0.0050813115712050536
GLOBAL,global,2025-08-04,2025-08-11,1P API,onet_task,0,onet_task_count,"calculate figures, such as required amounts of labor or materials, manufacturing costs, or wages, using pricing schedules, adding machines, calculators, or computers.",15.0
GLOBAL,global,2025-08-04,2025-08-11,1P API,onet_task,0,onet_task_pct,"calculate figures, such as required amounts of labor or materials, manufacturing costs, or wages, using pricing schedules, adding machines, calculators, or computers.",0.0015879098660015795
GLOBAL,global,2025-08-04,2025-08-11,1P API,onet_task,0,onet_task_count,"calculate test result values, using standard formulas.",22.0
GLOBAL,global,2025-08-04,2025-08-11,1P API,onet_task,0,onet_task_pct,"calculate test result values, using standard formulas.",0.00232893447013565
GLOBAL,global,2025-08-04,2025-08-11,1P API,onet_task,0,onet_task_count,calibrate data collection equipment.,23.0
GLOBAL,global,2025-08-04,2025-08-11,1P API,onet_task,0,onet_task_pct,calibrate data collection equipment.,0.0024347951278690886
GLOBAL,global,2025-08-04,2025-08-11,1P API,onet_task,0,onet_task_count,calibrate testing instruments and installed or repaired equipment to prescribed specifications.,21.0
GLOBAL,global,2025-08-04,2025-08-11,1P API,onet_task,0,onet_task_pct,calibrate testing instruments and installed or repaired equipment to prescribed specifications.,0.002223073812402211
GLOBAL,global,2025-08-04,2025-08-11,1P API,onet_task,0,onet_task_count,calibrate testing instruments.,17.0
GLOBAL,global,2025-08-04,2025-08-11,1P API,onet_task,0,onet_task_pct,calibrate testing instruments.,0.001799631181468457
GLOBAL,global,2025-08-04,2025-08-11,1P API,onet_task,0,onet_task_count,"calibrate, troubleshoot, or repair equipment and correct malfunctions as needed.",30.0
GLOBAL,global,2025-08-04,2025-08-11,1P API,onet_task,0,onet_task_pct,"calibrate, troubleshoot, or repair equipment and correct malfunctions as needed.",0.003175819732003159
GLOBAL,global,2025-08-04,2025-08-11,1P API,onet_task,0,onet_task_count,"calibrate, validate, or maintain laboratory equipment.",16.0
GLOBAL,global,2025-08-04,2025-08-11,1P API,onet_task,0,onet_task_pct,"calibrate, validate, or maintain laboratory equipment.",0.001693770523735018
GLOBAL,global,2025-08-04,2025-08-11,1P API,onet_task,0,onet_task_count,"call on policyholders to deliver and explain policy, to analyze insurance program and suggest additions or changes, or to change beneficiaries.",39.0
GLOBAL,global,2025-08-04,2025-08-11,1P API,onet_task,0,onet_task_pct,"call on policyholders to deliver and explain policy, to analyze insurance program and suggest additions or changes, or to change beneficiaries.",0.0041285656516041064
GLOBAL,global,2025-08-04,2025-08-11,1P API,onet_task,0,onet_task_count,call on prospective customers to explain company services or to solicit new business.,594.0
GLOBAL,global,2025-08-04,2025-08-11,1P API,onet_task,0,onet_task_pct,call on prospective customers to explain company services or to solicit new business.,0.06288123069366255
GLOBAL,global,2025-08-04,2025-08-11,1P API,onet_task,0,onet_task_count,"care for children or elderly persons by overseeing their activities, providing companionship, and assisting them with dressing, bathing, eating, and other needs.",39.0
GLOBAL,global,2025-08-04,2025-08-11,1P API,onet_task,0,onet_task_pct,"care for children or elderly persons by overseeing their activities, providing companionship, and assisting them with dressing, bathing, eating, and other needs.",0.0041285656516041064
GLOBAL,global,2025-08-04,2025-08-11,1P API,onet_task,0,onet_task_count,"check completed work for spelling, grammar, punctuation, and format.",50.0
GLOBAL,global,2025-08-04,2025-08-11,1P API,onet_task,0,onet_task_pct,"check completed work for spelling, grammar, punctuation, and format.",0.005293032886671932
GLOBAL,global,2025-08-04,2025-08-11,1P API,onet_task,0,onet_task_count,"check data input or verify totals on forms prepared by others to detect errors in arithmetic, data entry, or procedures.",29.0
GLOBAL,global,2025-08-04,2025-08-11,1P API,onet_task,0,onet_task_pct,"check data input or verify totals on forms prepared by others to detect errors in arithmetic, data entry, or procedures.",0.0030699590742697203
GLOBAL,global,2025-08-04,2025-08-11,1P API,onet_task,0,onet_task_count,check dimensions of materials to be used and assign numbers to the materials.,43.0
GLOBAL,global,2025-08-04,2025-08-11,1P API,onet_task,0,onet_task_pct,check dimensions of materials to be used and assign numbers to the materials.,0.004552008282537861
GLOBAL,global,2025-08-04,2025-08-11,1P API,onet_task,0,onet_task_count,check import or export documentation to determine cargo contents and use tariff coding system to classify goods according to fee or tariff group.,29.0
GLOBAL,global,2025-08-04,2025-08-11,1P API,onet_task,0,onet_task_pct,check import or export documentation to determine cargo contents and use tariff coding system to classify goods according to fee or tariff group.,0.0030699590742697203
GLOBAL,global,2025-08-04,2025-08-11,1P API,onet_task,0,onet_task_count,"check reference materials, such as books, news files, or public records, to obtain relevant facts.",164.0
GLOBAL,global,2025-08-04,2025-08-11,1P API,onet_task,0,onet_task_pct,"check reference materials, such as books, news files, or public records, to obtain relevant facts.",0.017361147868283935
GLOBAL,global,2025-08-04,2025-08-11,1P API,onet_task,0,onet_task_count,"choose subject matter and suitable form to express personal feelings and experiences or ideas, or to narrate stories or events.",49.0
GLOBAL,global,2025-08-04,2025-08-11,1P API,onet_task,0,onet_task_pct,"choose subject matter and suitable form to express personal feelings and experiences or ideas, or to narrate stories or events.",0.0051871722289384935
GLOBAL,global,2025-08-04,2025-08-11,1P API,onet_task,0,onet_task_count,classify and catalog items according to content and purpose.,772.0
GLOBAL,global,2025-08-04,2025-08-11,1P API,onet_task,0,onet_task_pct,classify and catalog items according to content and purpose.,0.08172442777021462
GLOBAL,global,2025-08-04,2025-08-11,1P API,onet_task,0,onet_task_count,"classify, record, and summarize numerical and financial data to compile and keep financial records, using journals and ledgers or computers.",638.0
GLOBAL,global,2025-08-04,2025-08-11,1P API,onet_task,0,onet_task_pct,"classify, record, and summarize numerical and financial data to compile and keep financial records, using journals and ledgers or computers.",0.06753909963393386
GLOBAL,global,2025-08-04,2025-08-11,1P API,onet_task,0,onet_task_count,code data in preparation for computer entry.,408.0
GLOBAL,global,2025-08-04,2025-08-11,1P API,onet_task,0,onet_task_pct,code data in preparation for computer entry.,0.04319114835524296
GLOBAL,global,2025-08-04,2025-08-11,1P API,onet_task,0,onet_task_count,"code data prior to computer entry, using lists of codes.",885.0
GLOBAL,global,2025-08-04,2025-08-11,1P API,onet_task,0,onet_task_pct,"code data prior to computer entry, using lists of codes.",0.09368668209409318
GLOBAL,global,2025-08-04,2025-08-11,1P API,onet_task,0,onet_task_count,"code, classify, and catalog books, publications, films, audio-visual aids, and other library materials based on subject matter or standard library classification systems.",33.0
GLOBAL,global,2025-08-04,2025-08-11,1P API,onet_task,0,onet_task_pct,"code, classify, and catalog books, publications, films, audio-visual aids, and other library materials based on subject matter or standard library classification systems.",0.0034934017052034748
GLOBAL,global,2025-08-04,2025-08-11,1P API,onet_task,0,onet_task_count,"code, evaluate, or interpret collected study data.",5357.0
GLOBAL,global,2025-08-04,2025-08-11,1P API,onet_task,0,onet_task_pct,"code, evaluate, or interpret collected study data.",0.5670955434780307
GLOBAL,global,2025-08-04,2025-08-11,1P API,onet_task,0,onet_task_count,collaborate with artists to achieve appropriate visual style.,24.0
GLOBAL,global,2025-08-04,2025-08-11,1P API,onet_task,0,onet_task_pct,collaborate with artists to achieve appropriate visual style.,0.0025406557856025268
GLOBAL,global,2025-08-04,2025-08-11,1P API,onet_task,0,onet_task_count,"collaborate with colleagues to exchange information, such as selling strategies or marketing information.",61.0
GLOBAL,global,2025-08-04,2025-08-11,1P API,onet_task,0,onet_task_pct,"collaborate with colleagues to exchange information, such as selling strategies or marketing information.",0.006457500121739756
GLOBAL,global,2025-08-04,2025-08-11,1P API,onet_task,0,onet_task_count,collaborate with engineers or software developers to select appropriate design solutions or ensure the compatibility of system components.,27.0
GLOBAL,global,2025-08-04,2025-08-11,1P API,onet_task,0,onet_task_pct,collaborate with engineers or software developers to select appropriate design solutions or ensure the compatibility of system components.,0.002858237758802843
GLOBAL,global,2025-08-04,2025-08-11,1P API,onet_task,0,onet_task_count,collaborate with field staff or customers to evaluate or diagnose problems and recommend possible solutions.,18.0
GLOBAL,global,2025-08-04,2025-08-11,1P API,onet_task,0,onet_task_pct,collaborate with field staff or customers to evaluate or diagnose problems and recommend possible solutions.,0.0019054918392018953
GLOBAL,global,2025-08-04,2025-08-11,1P API,onet_task,0,onet_task_count,collaborate with management or users to develop e-commerce strategies and to integrate these strategies with web sites.,100.0
GLOBAL,global,2025-08-04,2025-08-11,1P API,onet_task,0,onet_task_pct,collaborate with management or users to develop e-commerce strategies and to integrate these strategies with web sites.,0.010586065773343863
GLOBAL,global,2025-08-04,2025-08-11,1P API,onet_task,0,onet_task_count,"collaborate with sales teams to understand customer requirements, to promote the sale of company products, and to provide sales support.",201.0
GLOBAL,global,2025-08-04,2025-08-11,1P API,onet_task,0,onet_task_pct,"collaborate with sales teams to understand customer requirements, to promote the sale of company products, and to provide sales support.",0.021277992204421163
GLOBAL,global,2025-08-04,2025-08-11,1P API,onet_task,0,onet_task_count,collaborate with search engine shopping specialists to place marketing content in desired online locations.,269.0
GLOBAL,global,2025-08-04,2025-08-11,1P API,onet_task,0,onet_task_pct,collaborate with search engine shopping specialists to place marketing content in desired online locations.,0.028476516930294987
GLOBAL,global,2025-08-04,2025-08-11,1P API,onet_task,0,onet_task_count,collaborate with senior managers and decision makers to identify and solve a variety of problems and to clarify management objectives.,24.0
GLOBAL,global,2025-08-04,2025-08-11,1P API,onet_task,0,onet_task_pct,collaborate with senior managers and decision makers to identify and solve a variety of problems and to clarify management objectives.,0.0025406557856025268
GLOBAL,global,2025-08-04,2025-08-11,1P API,onet_task,0,onet_task_count,collaborate with software developers in the development and modification of commercial bioinformatics software.,16.0
GLOBAL,global,2025-08-04,2025-08-11,1P API,onet_task,0,onet_task_pct,collaborate with software developers in the development and modification of commercial bioinformatics software.,0.001693770523735018
GLOBAL,global,2025-08-04,2025-08-11,1P API,onet_task,0,onet_task_count,"collaborate with system architects, software architects, design analysts, and others to understand business or industry requirements.",327.0
GLOBAL,global,2025-08-04,2025-08-11,1P API,onet_task,0,onet_task_pct,"collaborate with system architects, software architects, design analysts, and others to understand business or industry requirements.",0.03461643507883443
GLOBAL,global,2025-08-04,2025-08-11,1P API,onet_task,0,onet_task_count,"collaborate with web, multimedia, or art design staffs to create multimedia web sites or other internet content that conforms to brand and company visual format.",282.0
GLOBAL,global,2025-08-04,2025-08-11,1P API,onet_task,0,onet_task_pct,"collaborate with web, multimedia, or art design staffs to create multimedia web sites or other internet content that conforms to brand and company visual format.",0.029852705480829692
GLOBAL,global,2025-08-04,2025-08-11,1P API,onet_task,0,onet_task_count,"collect and analyze data on customer demographics, preferences, needs, and buying habits to identify potential markets and factors affecting product demand.",1506.0
GLOBAL,global,2025-08-04,2025-08-11,1P API,onet_task,0,onet_task_pct,"collect and analyze data on customer demographics, preferences, needs, and buying habits to identify potential markets and factors affecting product demand.",0.1594261505465586
GLOBAL,global,2025-08-04,2025-08-11,1P API,onet_task,0,onet_task_count,"collect and analyze data to detect deficient controls, duplicated effort, extravagance, fraud, or non-compliance with laws, regulations, and management policies.",32.0
GLOBAL,global,2025-08-04,2025-08-11,1P API,onet_task,0,onet_task_pct,"collect and analyze data to detect deficient controls, duplicated effort, extravagance, fraud, or non-compliance with laws, regulations, and management policies.",0.003387541047470036
GLOBAL,global,2025-08-04,2025-08-11,1P API,onet_task,0,onet_task_count,"collect and analyze data to evaluate the effectiveness of academic programs and other services, such as behavioral management systems.",155.0
